BLANK,Name,BLANK,BLANK,BLANK,BLANK,BLANK,BLANK,BLANK,BLANK,BLANK,BLANK,BLANK,BLANK,BLANK,BLANK,BLANK,BLANK,BLANK,BLANK,BLANK,BLANK,BLANK,BLANK,BLANK,BLANK,BLANK,BLANK,BLANK,BLANK,BLANK,BLANK,BLANK,BLANK,BLANK,BLANK,BLANK,BLANK,BLANK,BLANK,BLANK,BLANK,BLANK,BLANK,BLANK,BLANK,BLANK,BLANK,BLANK,BLANK,BLANK,BLANK,BLANK,BLANK,BLANK,BLANK,BLANK,BLANK,BLANK,BLANK,BLANK,BLANK,BLANK,BLANK,BLANK,BLANK,BLANK,BLANK,BLANK,BLANK,BLANK,BLANK,BLANK,BLANK,BLANK,BLANK,BLANK,BLANK,BLANK,BLANK,BLANK,BLANK,BLANK,BLANK,BLANK,BLANK,BLANK,BLANK,BLANK,BLANK,BLANK,BLANK,BLANK,BLANK,BLANK,BLANK,BLANK,BLANK,BLANK,BLANK,BLANK,BLANK,BLANK,BLANK,BLANK,BLANK,BLANK,BLANK,BLANK,BLANK,BLANK,BLANK,BLANK,BLANK,BLANK
"ALK (18,8%)",ALK,-1.802966102,-0.123266778,-0.021565731,-1.345128877,-0.594735132,0.50711681,0.394845078,0.024505373,0.249775651,-0.190401873,-0.045095657,0.15333045,-0.592127303,-0.338832212,0.001007049,0.288713911,0.199472403,0.6328125,0.59201995,0.468493742,0.432502897,0.291678186,0.331020227,0.04096171,-0.357579787,-0.542857143,0.138365385,-0.515099388,-0.661935002,-0.562259504,0.661912159,0.244837758,1.927326595,0.074489217,-0.327987169,0.401023345,0.21296191,-0.013476158,-0.189116608,0.404446105,-0.076417994,-0.047268501,-0.310738347,0.057089996,0.073661736,0.673388071,-0.246224766,-0.20644694,-0.590865477,-0.073033708,0.649925595,-0.415418553,-1.172710406,0.014874697,0.294824882,0.116733245,0.251398434,-0.361009101,-1.286998203,-1.498852334,-0.435900925,-0.074667066,-0.013656274,-0.191588785,-0.365909091,0.385115745,0.481917985,0.055773881,-0.053714859,-0.008295964,0.542596349,-0.036532508,0.142874109,-0.582074522,0.475844278,-0.44939566,-0.800813008,0.357870008,-0.196978852,0.732310469,-0.094073959,0.350841407,0.29969419,-0.14659831,-0.067642527,-0.780491575,0.124284869,0.260204082,0.500067087,-0.164082687,-0.026632302,-0.108586604,-0.099152286,0.540560804,-0.288138653,0.239905363,0.915068493,0.194484241,-0.020261845,-0.064811185,-0.276373147,0.14297507,0.042063492,-0.621952862,0.017363852,-0.10837766,-0.075008466,-0.243540743,-0.074197121,0.173998611,-0.112924113,-0.657632828,-0.291125242
"ARID1A (19, 8%)",ARID1A,-0.747531021,-0.324530924,-0.442583371,-1.695302362,-1.480682388,0.486116035,-0.721977855,0.008235412,-0.139398496,0.048086867,0.06209053,0.577422145,1.368873168,-0.885187653,-0.023024896,-0.652036378,0.117707477,-0.885874649,0.306499261,-2.283589877,-0.762870987,-0.567721699,-0.221467592,-0.404937946,-0.965032154,0.286927856,-0.061700891,-0.597337449,-0.721144794,-0.078792342,-1.092854895,-1.252725951,-0.756476684,-0.184649123,-0.178298523,-0.375752644,-0.140804265,-0.375503062,-0.254105205,-0.454030841,-0.287387516,0.107453651,-0.482677709,-0.37294581,-0.046650906,-0.732488823,0.056687605,-0.135246637,-1.531087544,-0.41285297,0.115826158,0.279280274,-0.864695946,-0.358496841,0.375788796,-0.01382694,-0.412431444,-0.432244153,-1.163446795,1.514021572,-0.299719514,-0.035103647,-0.415493884,-1.78893617,-1.215366477,-0.487666448,-0.653925977,-1.278392857,0.041208119,-0.087582895,-0.988752556,-0.72010688,-0.327041698,-0.897079557,2.364235401,-0.521529061,-0.851422764,-1.27182285,-0.669815853,-0.44727857,-0.40453595,0.320423136,-0.237793852,-0.070389358,0.478776814,-1.25440613,-1.101446193,-0.251464574,-0.70754182,-1.988188976,-0.483177297,-0.169418521,0.151475314,-0.088499619,-1.713346483,-0.932657731,-1.850675952,-0.364232029,-0.538200614,-0.477910568,-0.538651555,-0.949081365,-1.134439553,-0.770547461,-0.36795535,-0.388359046,-0.231963159,-0.856650812,-1.048518678,-0.238243017,-1.765435746,-1.323763404,-0.246430029
"ARID1B (14, 6%)",ARID1B,1.425326245,0.358423913,0.740805604,-0.186794092,0.599358974,-0.151066925,1.182971973,0.062113042,0.051749925,0.332392921,1.511006751,2.715537849,-3.330422125,-0.173931997,-0.008633094,1.029010239,0.579493088,0.515957447,1.78608127,-0.816176471,0.235294118,0.417539989,-0.31420205,0.483057325,0.082780578,0.971841332,2.165802113,-0.231734317,0.111429481,1.177591036,0.739889438,0.799275945,0.674435543,0.16517106,0.241281427,0.350255428,0.298692439,0.673620458,0.080456718,-0.445961764,0.46000546,-0.201892744,0.256389776,-0.029139073,-0.25307668,-0.144546649,0.987352941,0.79848285,-1.790274684,0.747481685,0.377327935,0.795543906,-1.098377282,0.1752082,-0.682703322,0.727299528,0.548938866,1.500759186,1.792315175,1.160012674,-0.679640719,-0.02025393,-0.149559357,-0.473273942,1.66493699,0.868915293,-0.284696301,-0.061073411,-0.132223063,0.077196096,0.481088083,1.426466165,0.806535638,0.974918212,-1.189728097,-0.593776283,1.114028507,2.448241704,0.829353524,0.349608647,-0.099748269,0.004781421,0.775322741,0.267968538,-0.415064608,-0.551919957,0.337539432,0.15281394,-0.425630618,3.869618197,0.028628686,0.955591225,1.31596545,0.436107855,-0.783744557,0.688676334,1.236589698,1.465578424,1.083712466,1.280620155,0.035344828,1.233410943,0.796389464,1.705230611,1.120698644,1.941402252,-0.060738255,1.034671035,1.30752394,0.317655236,0.895049505,0.927062229,-0.350299401
"ARID2 (18, 8%)",ARID2,-0.384173056,-0.352606767,0.020489387,0.196581197,-0.98679276,-0.189425176,-0.645836516,-0.092849196,-0.417779126,-0.236311614,-0.57906182,-1.505538325,0.572921615,-0.479013991,0.000575457,3.185102212,-0.042933443,0.391943386,-0.866230366,-1.51627907,-0.574621154,-0.214565826,3.458057727,-0.443886982,-0.999196141,-0.43320735,-0.178439024,-0.860544218,-1.759059572,-0.969597755,-0.724525437,-0.450932881,-0.926819996,-0.040581379,-0.099370686,-0.06653778,-0.473881471,-0.445974207,-0.308934038,0.123668971,-0.12992456,-0.071315372,-0.189421894,-0.374032324,-0.250748621,0.157199641,0.238518519,0.441057269,-0.039799211,-0.080875468,-1.239121339,-0.655079272,-0.164813278,0.325272261,-0.693127791,0.484243231,0.020836834,-0.852546028,-0.750668092,0.258590095,0.481519116,0.500862069,0.122422845,-2.666390041,0.229996536,0.27618674,0.250245339,-0.473315278,-0.110567269,-0.039503386,-1.549376798,-0.993681883,-0.120096852,-0.124712203,2.16109975,0.571018455,-0.422878668,0.289655172,-0.381517656,-0.447440406,-0.481927711,0.065879535,0.141666667,-0.161978661,0.175566712,-1.343601533,-1.156910569,0.437653061,0.588431591,-1.091575092,-0.570806732,-0.135585719,-0.27271325,0.020715918,0.265438596,-0.957695473,0.595616757,1.681411175,0.816609536,-0.826775883,0.447063866,-1.425863236,-0.683891076,0.183505424,0.350434096,0.084514235,0.138466623,0.268879548,-0.016196013,-0.06287703,-0.862910798,-0.402082376,0.135423616
"ATM (27, 12%)",ATM,-1.566049383,-0.416573971,0.814273179,-0.201998262,-0.872988702,-0.297428433,-0.429137458,0.040048058,-0.216438356,-0.247360084,0.10556391,-0.392439244,12.07506702,-1.05522861,-0.038227628,-13.57363014,0.481598734,-0.849602011,-0.331491713,-1.770623742,-0.424048609,-0.534071054,1.851912929,-0.374903176,-0.655276107,0.013917526,-0.176493557,-0.670518077,-0.659574468,-0.752279635,-0.608880183,-0.702189781,-0.027310138,0.253478854,-0.255158325,0.045338442,-0.064343786,-0.155087719,-0.205327414,0.638513514,0.012121212,0.159789947,-0.418181818,-0.037984914,0.869332494,-0.686705202,-0.000629525,0.006080114,-3.025054466,-0.123671498,-2.815120712,-0.829507351,-0.551316678,-0.650074294,-0.180922006,-0.967350746,-0.766112687,-0.464938518,-1.80893592,-1.049926579,-0.318998367,0.876037631,0.719380226,0,-1.78812825,-0.071514665,0.089822294,-0.528307888,0.072378139,0.192459448,-0.735558408,-0.299352751,-0.361309377,-1.780356403,1.827696527,-1.729482323,-0.821742606,-1.223551637,-0.542418773,0.006336191,-0.318124607,0.020491803,0.564309445,0.168074094,-0.4227976,-1.516996292,-0.874266555,-0.986148347,-0.60338291,-1.856419696,-0.044113435,-0.246485193,-0.587549831,-0.445414847,-1.15021645,-1.089102352,-0.765561843,-0.492028179,-1.085121351,-1.190212884,-0.020591647,-1.433406917,-0.856661046,-0.774011299,-0.521881838,-0.801348693,-0.258407687,-0.856617647,-0.697308133,-0.275967175,-1.770503597,-1.265030675,-0.204263357
"ATR (13, 6%)",ATR,-1.695235487,-0.210898502,-0.416327147,-0.866754041,-0.914202145,-0.37101834,-0.267020971,0.226677332,-0.704455294,-0.35495684,-0.849032667,2.192192833,4.801920162,-0.44106794,-0.002734206,-1.976080247,0.211380444,0.266557794,0.113216958,1.172975259,-0.697827038,-0.222160356,-2.361450925,-0.198230542,-1.115452449,-0.627134107,-0.135548881,-1.47134864,-1.910751271,-0.775896568,-0.843887623,-0.696906741,-0.429956282,-0.841374269,-0.892757336,-0.382940406,0.03181923,0.199205252,-0.114234778,0.093189964,-0.004711752,0.100643208,-0.091143711,-0.58014746,-0.542112083,-0.918176749,0.359502832,-1.068634553,-0.668585684,-0.180082988,-1.774079127,0.300364279,0.284481328,-0.105254406,-0.693127791,-0.346608774,-0.515543606,0.043531954,0.397332662,-1.652084885,-1.14,-0.192464821,-0.388940214,-2.920567376,-0.655113636,-0.138588047,0.190184049,0.201330109,0.247391037,-0.208880834,-0.35238829,-0.147637795,-0.598241544,-1.638894334,-1.857230205,-0.167222222,-0.378456221,-3.560352423,-0.941087613,-0.271199687,0.422696116,-0.25,-0.887061261,0.060342484,-1.143436866,-1.051830581,0.224084778,-0.560421053,-2.160430922,-1.829888028,-0.743124634,0.165111271,-0.343833185,0.591692907,-0.837416077,-0.483834281,-0.373739333,-1.891693968,-0.738329834,-1.076427887,-0.792922477,-2.047944007,-2.023495112,-0.541414141,-0.902925896,-0.847675569,-0.246268657,-0.909799725,-1.161585802,-0.353600187,-0.245014245,-0.9910175,-0.128455285
"BCL11A (9, 4%)",BCL11A,-2.146495071,0.048010974,0.13648449,-0.677370031,-0.421129503,0.328438395,0.534411845,-0.032669162,0.421052632,-0.03516029,-0.363466915,0.232482699,-3.31477591,0.520025429,-0.004604979,1.071975498,-0.429130435,0.264083244,-0.439817166,0.678790442,-0.583585706,-0.012249443,2.333780161,-0.290564089,-0.442658092,0.055649023,1.30806096,-0.530050552,-0.891185077,-0.672009678,-0.361267397,0.451656656,0.401824034,0.137060159,-0.268360974,-0.361001965,0.101393012,0.425097772,-0.488339223,0.487763871,0.483751543,-0.012158055,-0.013583265,0.020747985,0.171473601,-0.092443521,0.907642824,-0.106664252,0.419253025,0.099421965,2.3379874,-0.420692018,0.275510204,0.274183216,-0.651953894,0.795088031,1.087422087,-0.273381295,-2.060294118,-0.836071304,-0.336049152,-0.280321407,-0.479741322,-1.704840941,-1.452660407,0.699636503,-0.09241086,0.242140266,1.171025169,-0.115575621,-0.379969183,0.00090854,-0.410672854,-0.431120491,2.423076923,0.688949153,0.16359447,-1.277599487,-0.076761933,-0.059519267,1.686689522,0.407097765,0.001521491,-0.532744875,0.299558801,-0.708255564,0.018290258,0.737040816,0.696276183,0.497917534,-0.238088363,1.121634682,0.003651767,0.329584645,-0.714389403,0.333123028,-1.367002012,-1.056457704,-0.103860443,-1.180934119,0.268609801,-1.208700068,-0.792814961,-0.663030303,0.176787087,0.109840426,-0.080357143,-0.0483919,-1.00240725,-0.458791881,-1.238336144,0.137752161,-0.020072747
"BRAF (26, 11%)",BRAF,0.458567587,0.063722826,-0.074364281,-1.04696374,0.579719491,-0.147442085,-0.028492913,-0.080105189,-0.180825243,-0.126398947,0.191622103,0.601669521,2.620737648,-0.690789474,-0.00129515,-0.687819857,-0.315193247,-0.542937325,-0.539867953,-0.114604236,0.192486937,-0.118040089,1.589435774,-0.224861237,-0.167470525,0.501421332,0.088936047,-0.416400226,-0.40215662,-0.165537555,0.424283765,0.553535354,-0.163867872,0.051220204,-0.085714286,-0.251347123,0.143600181,-0.139777469,-0.31909268,-0.163183891,-0.180401516,0.145331325,-0.306136395,-0.055004753,0.383559555,0.16756135,-0.270779639,1.078034682,0.942852517,-0.010523854,1.653871072,0.283755848,-0.010622407,0.171482412,0.348373984,-0.103009433,0.486740672,-0.100185242,-0.347140567,-0.718726731,0.251492443,-0.267187261,0.412369841,1.355392157,-0.100798783,-0.052547132,0.007687275,0.144347037,-0.127018163,0.014241211,-0.278582435,-0.364921547,-0.635706914,-0.037221796,-0.748427673,0.055180025,-0.395519429,1.839920457,-0.191849817,0.018134231,0.081850534,0.112453215,-0.149001332,-0.238208537,-0.685488959,0.215417674,0.029394358,0.135451837,0.610678532,-0.42377261,-0.142073347,0.219970474,0.028629857,-0.256963452,-0.311789132,-0.922014622,-1.157033574,0.791513882,-0.104183492,0.283388783,0.509349593,0.419648562,0.293165468,0.223630898,0.130372864,1.171755246,0.322022731,0.410191083,0.198366556,0.222744046,-1.520517144,-0.217423678,0.03042028
"CCNA1 (9, 4%)",CCNA1,4.670855486,2.079891304,2.317279626,0.741922617,1.153525641,-0.151066925,2.205408358,0.147977573,1.250673048,0.89629439,6.676090226,7.344017094,11.4611399,2.249786507,-0.008633094,1.23651192,3.830305373,3.415007112,3.039647577,4.184946237,1.942641947,3.452840596,-1.605270864,1.326727642,0.629875298,3.058647367,2.774674828,0.963098283,2.040432983,4.407563025,1.182717486,3.319790829,11.64230499,1.434560907,1.52351987,1.786034593,0.656551724,1.949528937,0.721156444,-0.198331437,0.611294766,-0.201892744,2.286474973,1.496308017,4.024874055,0.434180139,4.64391318,1.092393192,-1.175784099,3.852171882,2.368825911,0.499559859,-0.696663296,1.220371557,0.522614451,0.577962578,2.143807412,2.966389146,2.580160321,-1.137091394,-1.08056614,-0.142684401,0.765941101,1.543543544,1.087657784,2.134917593,1.309777348,2.59505814,-0.022982763,0.127329193,2.850518135,3.776541353,2.552299261,1.530203785,-1.20979021,0.516377649,-0.284815106,3.861812779,2.579790332,1.200149087,0.949402024,0.071258098,-0.595612903,-0.528280858,0.57985258,2.452714759,0.337539432,0.016850426,1.020114161,6.153533712,2.411394217,1.713439267,5.125035684,3.753810082,2.799568966,3.454489355,-0.430689103,2.35166785,3.052336449,3.633427326,1.754597701,1.991917936,2.661594644,2.540324659,1.263295099,1.510828025,0.25564409,2.3049117,1.331600547,0.318602499,5.653597786,1.946743849,1.816386442
"CCNB3 (14, 6%)",CCNB3,-0.802026287,-0.132002219,-0.062186115,-1.241264189,-1.472863178,-0.281129344,0.298464491,-0.051279458,-0.022754854,-0.283923208,-0.19430208,2.499382462,-3.255602241,1.357569516,0.046565105,0.329239168,-0.038863351,0.119760479,-0.334912718,-0.391024217,-0.973955179,-0.564705882,-3.482510715,-0.174916645,-1.22307074,-0.334411803,0.173653846,-0.509637188,-1.644659839,-0.779436663,-0.696031981,-1.30142961,-0.660984115,-0.258166643,-0.540834846,0.025455131,-0.038275306,-0.107809261,-0.418267852,0.307491126,0.248365123,0.145289444,-0.362170288,-0.249899826,0.167691095,-0.055180473,0.156532394,-0.132017385,0.166726425,-0.17286985,-0.507112971,0.252014571,0.233418367,-0.198370469,-0.506482027,-0.583078335,-0.796137339,0.560128519,0.616004026,1.190468651,-1.056389334,-0.211036992,-0.124452461,-0.133864761,-1.051780558,-0.24314999,-0.191250419,-0.313498277,-0.169346605,-0.109467456,0.324521176,-0.431578947,0.288836105,-0.49833366,0.464821764,0.686111111,-0.171466974,-4.718249316,-0.479489106,0.607268032,-0.095794393,0.023100616,0.031190567,-0.4,-0.831068915,-0.560092007,0.080094693,-0.400631579,-0.95151687,-0.86089578,-0.589084609,0.310839914,0.233420976,0.212625581,-0.719622569,-0.99057715,0.051978278,-2.214761159,-1.471244028,-0.815259382,-0.411037528,-1.932209668,-1.813598032,-0.831882022,0.038839979,-0.74070934,-0.187668464,-1.527138296,-1.271983933,-0.481902666,-2.189045383,-0.843362425,-0.265741874
"CCNE1 (12, 5%)",CCNE1,-1.817851583,0.105706522,2.464681845,-0.600347524,0.088874473,-0.660359049,-0.588465005,0.135963156,0.336621824,0.663407102,3.133255063,-0.02443281,-1.372634643,-0.486813662,-0.031654676,-6.709050112,0.837752275,-0.5522008,-1.803616273,-1.230402772,-1.443041691,-0.381991051,1.149791543,-0.235931853,0.082780578,1.098195876,2.152454283,-0.244129706,0.111429481,1.182867032,0.754665203,-2.564189189,3.222417428,0.044026921,0.241281427,-0.402269044,0.349060925,-0.276137548,1.125101324,0.311561562,0.057575758,-0.160700685,-0.18726184,-0.066754967,0.205604534,-0.40131406,0.986473734,0.787773532,1.031382228,0.754787482,-0.894933555,-0.758748552,-0.460060667,-0.543258244,0.668886521,-0.997916046,-1.224131884,1.509262071,3.462588473,1.768060837,-0.53837779,-0.20236292,0.275358607,0.662824207,0.019644181,-0.609883487,-0.245114276,-0.061073411,0.137616937,-0.122522523,0.369161508,1.426979825,-0.390935531,0.388656262,1.851433945,0.582989265,3.054005074,0.088323353,0.825178998,-0.734058515,-0.085066749,-0.101508916,-0.331612903,0.26477799,-0.310760668,-0.944835046,-0.790949139,-0.977377461,2.904321827,7.108547009,0.042084168,0.158093186,1.591778476,-0.871675943,0.263649425,-0.727654082,1.25037594,2.856109906,1.362842893,0.508509541,-0.64762181,1.728885968,0.787916153,0.750928382,3.697862357,0.185516888,-0.01409396,1.036907876,-0.263260205,0.065569972,-1.165670831,-0.463161113,-0.144900162
"CDKN2A (55, 24%)",CDKN2A,0.198813056,0.195652174,0.329132474,2.175907459,0.339598997,0.61607565,1.187107348,0.492022337,-0.010885999,-0.009350649,0.774746009,1.172222222,-2.019008826,-0.294855166,0.020701553,1.527603513,1.636644762,0.851351351,2.167890357,1.872447013,0.515353418,-0.008948546,0.564919595,0.3315,0.320141165,0.362886598,-0.129794653,0.094629156,-0.095952547,0.673109244,0.47546879,0.26460177,2.067773167,-0.282546902,-0.13258427,0.724094088,0.199770115,0.381818182,-0.101831299,0.435105987,0.8895839,-0.021325209,1.081469649,0.384615385,0.357480781,1.161199385,1.098529412,-0.006117308,-0.034281546,0.41061706,3.209222299,0.345293466,0.183780249,0.326393338,0.582880786,0.35996436,0.886601204,0.213074314,0.505561173,-1.05060423,-0.104379753,0.076740741,-0.221099015,-1.131940627,2.754633062,0.908777309,0.07970313,0.674398625,0.120876416,0.077678571,0.69751861,1.288935034,0.785460573,0.61062591,-1.381118881,0.478943022,1.232674925,-0.801320859,0.67339501,0.545387454,0.945108862,0.780429594,-0.430093555,-0.188809261,-0.587141506,0.130736393,0.585531274,-0.195433599,0.553954879,1.305442729,0.718225761,0.592512793,0.947759064,0.542540443,1.489711934,1.593696275,1.961158433,-1.364479051,0,0.438628159,-0.481728538,-0.925680159,-0.885471204,-0.080278298,-0.062931492,0.308280255,-0.24255751,-0.890998163,-0.499583449,-0.218633829,1.38960396,0.858419436,0.048038431
"EGFR (40, 17%)",EGFR,0.766070565,-0.292923597,-0.324619457,-0.21572935,0.203205128,0.424332344,-0.606079797,-0.214064756,0.099311995,0.106793618,-0.554254983,-0.570609693,-0.775232641,0.433010492,0.006329114,1.067690557,-0.237078172,-0.355676581,0.18542737,-1.153387534,0.355549116,-0.75248227,-0.25,-0.34787234,-0.383481646,-0.582383124,0.528731343,-0.039508013,-0.276006074,-0.444176949,-0.151633203,-0.501447876,-0.081930415,-0.411764706,0.24632427,0.011851377,-0.200750469,-0.270480226,0.322680412,-0.110807647,-0.253142356,0.101872659,-0.034710744,-0.483908379,-0.930464716,-0.778184034,-0.466399198,-0.483412322,-0.12436178,-0.341258049,2.286027569,0.689907467,0.909954058,-0.413072776,0.096974399,0.057618058,-0.357696567,-0.380794702,-0.787675412,0.308860759,-0.054980947,-0.261602034,-0.367987237,-0.098405717,1.353284223,-0.220155709,-0.064948454,-0.578527385,-0.093615948,-0.026576577,-0.602993817,-0.537414966,-0.764921466,-0.634790134,-1.242574257,-0.11060563,1.208171206,0.790993637,-0.77064551,-0.645816073,-0.206374759,0.164451827,-0.585151601,-0.134139483,-0.193259122,0.128335112,-0.933079204,0.730056849,0.276162001,0.596422182,-0.195530726,-0.300749532,-0.191330344,-0.74790795,0.317121919,0.553440305,1.212265758,1.641694725,0.94886204,0.426744917,1.095640327,1.278085642,0.722386297,-0.105477223,0.611281266,0.821209258,0.581930052,1.290788829,0.63198032,0.430160428,1.797627606,0.053256151,0.112473348
"KRAS (82, 36%)",KRAS,-0.073689673,0.29435376,0.177017784,0.312358704,-0.576005696,-0.058006941,0.161819143,0.03570004,-0.017656012,0.243946594,0.395287958,-0.04950495,-0.338588074,0.034917964,0.000287687,-38.43697479,0.233797909,0.04634323,-0.263214095,-0.730382294,-0.487282463,-0.045302013,2.897147796,0.028280255,0.223793272,0.283987915,-0.168282828,0.019729631,0.349350257,0.174136069,0.154826958,-0.19980695,0.075726141,0.204806409,-0.168135593,0.210108074,0.100951959,-0.010420285,-0.335483871,0.055699004,0.039978243,0.087771943,0.27931983,0.283179012,0.262877442,0.38950577,0.259072848,-0.129103652,-0.808413352,0.18727518,-0.345547507,-0.674629574,-0.11933739,0.194746957,-0.663755459,0.051886792,-0.087337776,0.128242925,0.235294118,-0.22246696,0.274623407,0.230599282,0.174478528,0.221902017,-0.409878683,-0.053435115,0.267445435,0.336728919,-0.079008521,0.132788999,0.226799007,0.241689373,0.557713053,0.444059577,-1.303345725,-0.741477273,-0.512345679,-1.158353127,0.658429858,-0.041537267,0.006477483,-0.182819383,0.505822077,0.203407602,-0.489802855,0.333891414,-0.23210504,-0.210096355,-0.625665287,-0.855513308,0.353204173,0.026912181,0.125383115,0.318609514,0.221960256,-0.919361122,-1.845165239,-2.857142857,-0.802985075,-0.489026449,-0.353730877,-1.979005021,-1.250640478,-0.064162325,-0.210941906,-0.509267986,-0.063829787,-1.31924667,-1.212495179,-0.39005439,-3.531185031,-1.625267666,-0.134787472
"MET (27, 12%)",MET,2.935585586,-0.12299169,0.207209848,1.108954041,1.681081081,-0.02643065,0.789128653,-0.039693734,0.211785821,0.227740607,1.505370102,1.333760684,-3.723783413,2.037636432,0.014959724,5.692832765,0.845271072,1.421985816,2.539351852,0.831599229,0.914517531,0.661281918,-1.281256332,-0.032524522,0.642551046,0.320519099,0.006352262,1.249637681,1.554418605,0.376117681,2.268800416,2.36534296,2.857784912,1.119359146,0.710052295,0.583920564,0.178734062,1.635041322,0.512371134,0.503532912,0.522138229,0.147786947,0.840021692,1.024856096,0.047858942,0.387370838,0.86791899,0.030400572,1.36050446,0.444419238,0.547691271,0.357361293,2.080036243,0.172966047,-0.205963556,0.863195057,1.738125,1.267546322,2.901328273,1.103603604,1.317420645,-0.239484188,-0.439230161,1.986979167,1.281556802,0.869365928,-0.034448493,1.590697674,-0.101423932,-0.07918552,1.19507772,1.157223376,1.288261172,1.072047108,-3.006042296,0.448686705,3.690618762,2.297403234,0.543389633,1.48427006,0.77215578,-0.128002745,-0.408844065,-0.162440791,0.968385592,0.564364007,0.903276747,0.200480673,0.215819516,1.946292585,0.828068214,1.494438559,1.521282477,0.600059916,0.635904345,1.783122363,1.426998224,-0.00399274,1.029420685,1.520487265,0.9,1.597402597,1.107206143,0.087863953,0.468095967,-0.162139457,0.165338645,0.715673051,0.551546392,0.480074143,1.41097786,1.256296706,0.06663113
"NF1 (28, 12%)",NF1,1.379858225,0.236277174,0.108657502,-0.959326113,0.045329892,0.277659322,0.555242246,0.106628242,-0.293103448,-0.233969717,-0.105877007,1.190486348,-1.474918802,0.014822771,-0.005039597,0.184237462,0.196452933,1.303428279,1.154849828,0.75755151,0.741793103,1.555787823,-0.837443029,0.297276757,-0.29445823,0.119811561,0.057871036,0.303874539,0.036290994,0.475628385,-0.46521876,1.20802139,0.723422795,0.190834279,-0.213733906,0.426292278,0.085503127,0.557410941,-0.129594076,0.173734355,0.251727408,-0.033707865,-0.021054061,0.078802206,0.500813249,0.316579049,0.309925926,0.813884786,0.399695277,-0.091175094,-0.498198771,0.91092437,0.484184539,0.100398406,-0.190949227,0.106426887,0.557775292,-0.29241997,0.141546852,-0.751303053,-0.290827436,0.39208581,0.228529484,0.258108851,-0.644366197,0.838727889,-0.11951056,1.053800171,-0.039407631,0.056695345,0.97338403,0.439317673,-0.479521342,0.038756715,0.026156454,0.085555556,0.223677225,0.522317933,-0.241472577,0.734215168,0.139375476,0.299585062,0.403718617,0.485415304,-0.597471516,0.261751276,0.287861272,0.454187967,-0.064936848,0.584496957,-0.138131167,0.607500334,0.201466234,0.842913559,-1.520250615,-0.328233438,0.684746358,0.064662199,0.104114713,0.463997148,-0.325091979,0.564536741,0.268147014,0.378665003,0.067322631,-0.162049283,0.055518727,0.431614654,0.661532775,-0.003843019,-1.729890454,-0.713179495,0.005894962
"NTRK1 (30, 13%)",NTRK1,1.187135984,0.362907609,-0.078092399,0.001041016,-0.740981475,-0.264249333,-0.095662166,0.244775522,-0.581614078,-0.196254389,-0.175220164,0.565095156,0.438605356,-0.528109399,-0.026770294,-0.84375,1.568830661,0.600979858,0.537905237,3.25525105,1.141242938,2.169477468,3.92363199,0.393079761,-0.568443902,-0.244208619,0.693185086,-0.585600907,-0.520848574,-0.560864963,-0.220461948,2.252844501,-0.260026611,-0.575292398,-0.388197425,1.273904701,0.093506196,0.136234784,-0.182159755,0.108537269,-0.175887119,-0.180937621,-0.250882912,-0.190167834,-0.131033391,-0.44621252,-0.014631844,0.006457399,-0.793966152,-0.09375,0.220172202,-0.361881923,-1.289527027,0.309256887,-0.693127791,0.294866104,0.953285162,0.004013584,2.040513337,-1.06099266,0.186333037,1.245687781,-0.193922796,0.540406817,-0.046603032,0.781519036,1.242687239,1.567493113,0.857581338,0.117412494,-0.250072443,0.899303452,0.811726541,-0.712017252,0.398159361,-1.006821089,-0.585249802,1.043748446,0.125090698,-0.124761541,-0.145907473,0.245350623,0.652599388,0.259173689,-1.186826908,-0.082863282,-0.316056911,0.656632653,-0.915792458,-0.535277718,0.128579611,0.181622398,-0.041259982,1.093006062,-1.222222222,-0.565925926,-1.197460057,-0.248686832,0.387659707,0.100352803,-0.608386535,0.130097408,0.068730159,0.006127614,0.069911963,-0.037898936,-0.061152291,0.21004954,-0.203616134,0.417805047,0.113701114,0.079542076,0.141866667
"PIK3CA (20, 9%)",PIK3CA,-0.452516866,-0.026869806,-0.028886242,-1.166892197,-0.036700227,0.421415005,-1.045751634,-0.16828212,0.107623318,0.297438448,0.650225564,0.825042882,-1.401746725,-0.49912816,-0.002014388,2.243566727,-0.112345152,-1.544483986,-0.989321943,-1.825452716,-1.169793621,-0.38664422,-0.575307951,-0.236250968,0.158633002,0.31195408,0.326834862,-0.020126724,0.28248062,-0.518541033,0.754665203,-0.576254826,0.674435543,1.20779585,0.24632427,-0.443578322,-0.01827012,-0.143452588,0.413942178,-0.566552901,-0.213605823,0.129643669,-0.270381554,-0.084859914,0.047858942,-0.403527244,-0.370071105,0.608544634,0.452045134,0.147954545,-0.345699831,0.352552817,-0.63369345,-0.110349331,-0.208190149,-0.454819277,-0.167457132,1.056787124,0.268452983,-0.366372981,-0.108051403,-0.065598549,-0.338781967,-0.098405717,0.620617111,-1.22470489,-0.389380531,-0.362290862,-0.138965952,-0.165368759,-0.237455197,-0.707672796,-0.285276074,1.012722646,1.398994516,0.031103771,-0.47718332,1.959385835,0.562026791,0.100260902,-0.472838316,0.288441868,-0.423066977,-0.440512678,-1.103586889,-1.20140802,-0.692439129,-0.732278344,-0.363938974,-1.715208962,-0.223289665,-0.284133916,-0.072944694,-1.136541889,-0.502539913,-0.203206806,0.63410302,1.325408091,0.124688279,0.330171751,1.088010899,-0.221300597,0.796389464,0.460738172,-0.018587361,1.377698755,-0.154362416,0.371113049,0.610960391,0.753926702,0.833948339,0.241099855,-0.014527845
"ROS1 (13, 6%)",ROS1,-0.222587997,-0.434661853,-0.610432191,-1.244602715,0.514428502,-0.229126448,-0.085176673,-0.106927249,-0.35872871,-0.27530735,-0.080042207,1.459546233,-1.996674584,0.904216995,-0.003741546,3.990198824,0.785881893,0.481521349,2.748275042,1.360964263,0.624964699,0.44839761,0.130665879,-0.177100813,-0.165326902,-0.123941092,0.802645452,-0.333394834,-0.719641551,-0.344019356,0.480440616,-0.54228253,0.253183244,-0.06015891,-0.309526235,0.762344696,0.683146837,0.565653075,0.030315334,0.474687091,0.29386921,-0.040681906,-0.225365587,-0.694689665,0.191804571,-0.573041539,0.132473254,1.457829329,1.717132125,-0.130149813,0.783756172,0.199249365,0.800063776,0.190945837,-0.035182119,-0.296152119,-0.369635193,0.439017299,0.342979366,0.360058074,0.37232672,-0.276682838,-0.341444167,0.102253986,0.866126126,0.773657045,-0.21890714,0.526750761,0.087558744,0.025367156,0.2144306,0.038461538,-0.260593479,-0.932758283,-0.161055946,0.247083333,3.351409978,2.197613721,-0.652114804,0.661969219,0.854523774,0.257293977,-0.156548695,-0.446723015,-0.164560863,0.400990744,0.695676275,0.572040816,-0.429382541,-0.018014154,-0.637597459,0.092893037,-0.51105056,-0.191881343,1.27884452,1.376566059,2.182190379,1.184276504,0.885945778,0.781669971,1.196742392,0.578836615,0.680870218,0.688764474,1.319394096,0.80537756,-0.007676903,1.290380129,0.940803929,0.847366655,0.674379821,0.691786744,0.821932393
"SMARCA2 (16, 7%)",SMARCA2,0.253709199,-0.234591893,-0.325193568,0.393442623,-0.779186992,-0.593886463,-0.194953439,0.128554265,-0.034472331,0.261708698,0.374736842,1.598381601,6.405325444,0.155658393,-0.031654676,1.23651192,-0.112345152,-0.215714805,1.256975037,-2.004024145,0.569524913,-0.415824916,-0.80556369,0.245605096,-0.426552919,-0.161003659,2.207492795,-0.948937756,-1.217376134,-0.612699368,-0.380450688,0.77920354,-1.048562549,-0.041785105,-0.05304878,-0.286470394,0.11954023,-0.032302883,-0.303551609,-0.416382253,-0.194848824,0.297808012,-0.375757576,-0.046605603,0.415302267,-0.699394578,0.20855615,0.881556096,-2.388307155,-0.058313817,-2.106312292,0.222369878,-1.002366464,0.018898142,-0.159580342,-0.316463233,-0.497720098,1.041319766,-1.252204586,-0.386563877,0.583333333,0.822222222,0.060706967,-0.409565695,-1.123828125,-0.465851602,-0.105531049,-0.562719438,-0.014738946,0.025446429,-1.119350732,0.043360434,-0.218613669,0.270650933,2.007052186,-0.89375,-0.64465154,-2.723590586,-0.632069795,0.006336191,-0.122943185,0.452527322,1.211271102,0.319531463,-0.926406926,0.888740662,-0.251047779,-0.142228739,-0.943751812,0.071367521,-0.460262009,-0.147598253,0.349900029,-0.784925891,-2.037023593,-1.072971204,1.561278195,-1.128290693,-0.562032419,-0.517350993,-0.25203252,-1.056403451,-1.122382199,-0.589479393,0.19734098,-0.11351052,-0.096644295,-0.54351145,-0.696944211,-0.100820633,-1.598044541,-0.771323754,-0.483827127
"SMARCA4 (17, 7%)",SMARCA4,-2.598574822,-0.303047091,0.549531067,-0.186794092,0.605576441,-0.715429403,0.127442885,0.031555822,-0.151496825,-0.35876452,-0.830117052,1.611155378,2.795857988,-0.527027027,0.073009485,1.56370876,-0.14519699,1.902841108,-0.553672316,-0.556084885,-0.797060663,0.00886918,0.509833135,0.028280255,-0.298587043,-1.115786722,-0.158170188,-0.948937756,-1.102830527,-0.284381583,0.108815828,-1.061664954,0.062636562,-0.041785105,-0.470723836,-0.176012966,-0.205896116,-0.183744356,0.064306944,-0.034508912,0.161157025,-0.061514196,1.017838126,-0.029139073,0.357290742,-0.34586071,0.20855615,-0.508816121,-1.689709972,-0.212681329,-0.944184065,-0.704766422,-0.705941931,0.237668161,-0.622308117,-0.667191932,-0.599088039,0.086243547,-0.348639456,-0.72981988,-0.904991492,0.023703704,0.325627152,-1.187571266,-1.130485893,-0.136997539,-0.279267051,1.501481921,0.413421504,-0.133936652,-0.788829152,0.269172932,0.785511364,-0.944356121,-1.880362538,0.909287842,0.656316916,-1.759816754,-0.594765343,0.66492732,0.216841456,-0.101508916,0.363207547,-0.254499438,-0.475844648,-1.347974018,0.318594552,-0.966182528,-1.066860465,-1.417993973,-0.436837582,0.272521246,-0.242870285,-0.330550402,0.32579023,-0.364201571,-0.186337914,-1.959984609,-0.65437479,-0.843758611,-0.423792903,-1.253628196,-1.367062107,-0.506236443,-0.797703663,-0.11351052,-0.259094029,-1.158776167,-0.696944211,-0.191682156,-1.139688249,-0.056251911,0.284494262
"STK11 (43, 19%)",STK11,-7.673192771,-0.048946201,0.002948113,-1.034828496,-0.662860155,-0.336371693,-0.837187052,-0.073467717,0.107534856,-0.232800104,0.033463973,-0.57782149,34.16157205,-0.70228833,-0.022773133,-164.6436782,-0.914363144,-1.16270034,-8.543650794,-1.969994058,-2.167380041,-1.08424679,8.706070288,-0.286614807,-0.087486602,-1.404366398,-0.203535354,-0.499411534,-0.518826233,-0.162545283,-0.186339314,-2.894601542,0.136110143,-0.23341488,-0.175536481,-0.659136749,-0.530082728,-0.773087071,-0.204805654,0.133209302,-0.494322857,-0.090075727,-0.034229829,0.029365496,0.522766079,0.541992563,-0.10538865,-0.963109354,-4.203389831,0.162408759,-5.21797153,-1.114751528,-0.727111111,-0.704060035,-0.603929997,-1.230684529,-3.051366777,-0.467536871,-1.338226109,-0.994181536,-0.979833547,0.357538036,0.037648867,-1.254623921,-2.179524362,-1.271073647,-0.32312457,-0.998991766,-0.186486837,-0.146829044,-0.518177412,-0.565965264,0.045368171,-0.968247248,1.459213815,-0.777923402,-0.867082962,-7.168831169,-0.103981968,-0.365612648,-0.382630989,-0.319675157,0.32089463,-0.344037367,-0.424621153,-1.845598022,-0.597040532,-1.598997494,-0.632952692,-3.356353591,0.016833096,-0.345131351,-0.323238866,-0.97903525,-1.373182957,-3.455606147,-4.662802419,-2.292544229,-1.703331098,-1.754537287,-0.477083974,-3.282382692,-2.014880311,-0.493150685,-0.804219894,-0.885579196,-0.360786496,-2.3149044,-1.630719575,-0.407113613,-13.67922374,-2.125371521,-0.20683527
"TP53 (105, 46%)",TP53,-0.339960239,-0.019390582,-0.068666873,0.236138811,0.340058402,0.173072794,0.41269502,0.102901354,-0.168815224,-0.132890365,-0.298251513,1.105848787,-1.092946058,0.070677324,-0.001438849,0.599391481,0.373241852,0.087317397,0.525353283,0.489593041,0.09388583,0.38917168,-1.05896673,0.015752033,-0.068408295,0.257115973,0.035516517,-0.540378403,-0.452463267,-0.043334336,0.364396361,0.166532582,0.864842904,0.243559719,-0.620143455,0.21411902,0.167383733,0.280749471,-0.256221198,0.037912913,0.130617608,-0.101556102,-0.223898612,-0.208835341,0.300048008,-0.183091007,0.286426884,0.249918327,0.53886616,0.021520147,0.52173913,0.666134752,0.266156202,0.261454047,0.036955323,0.264698461,0.478984933,0.321997875,0.712606524,0.621758888,-0.578253707,-0.149136578,-0.292626057,-0.098405717,-0.16653605,-0.048212133,-0.064948454,0.626549094,0.210428737,-0.048253676,0.568132816,0.371061255,-0.105759162,0.108806405,0.667008547,-0.099104478,0.772089182,-3.138736264,-0.401009737,0.225015913,0.257305195,0.23256538,-0.368323557,-0.284804078,-0.480097765,0.180792377,0.380569514,0.513849726,-0.429360465,0.446482261,-0.368,0.508840017,0.328742668,0.385490394,-1.076615209,-0.224991225,0.144582593,-1.514342895,-0.444622793,-0.400398406,-0.284722222,-1.391184573,-0.832821413,-0.008830613,-0.115544472,-0.179448772,-0.097188476,-0.364304813,-0.278636884,-0.220438328,-0.177620858,-1.119574845,0.048292423
